feature_rsi,feature_macd,feature_volume_change,feature_atr,feature_ema_distance,feature_bollinger_width,feature_stochastic_k,volatility,market_regime_STABLE,market_regime_TRENDING,market_regime_VOLATILE,is_profitable,pnl_percentage,timestamp,entry_time,exit_time,symbol,side,pnl
44.9816047538945,-1.3600494431569816,0.051488612021069136,0.033473644720835166,-0.017405664414264853,3.378135397025792,27.038491337743668,0.07082334891351028,0,1,0,0,-1.0162803952946218,2023-01-01 00:00:00,2023-01-01 00:00:00,2023-01-01 04:00:00,ETH/USDT,BUY,-101.62803952946217
68.02857225639664,0.4645073943220071,0.6782607006231569,0.0398175789673732,0.023883257366442825,3.0975664715473306,27.511147532153025,0.04994268226471808,0,1,1,1,1.2044393623650569,2023-01-01 01:00:00,2023-01-01 01:00:00,2023-01-01 05:00:00,SOL/USDT,BUY,120.44393623650569
59.2797576724562,0.5861449465973625,-0.3554432730020033,0.027266381849187178,-0.01769162157107957,3.495868221066675,61.13391723373828,0.01212709417877858,0,1,1,1,0.5935031819539732,2023-01-01 02:00:00,2023-01-01 02:00:00,2023-01-01 06:00:00,SOL/USDT,BUY,59.35031819539732
53.946339367881464,-1.4287028360527356,0.1404126355781169,0.01510321211182255,-0.018558736760180005,2.2014236309034203,45.818353693967765,0.07516640868548845,1,0,0,1,4.404935068941491,2023-01-01 03:00:00,2023-01-01 03:00:00,2023-01-01 07:00:00,ETH/USDT,BUY,440.49350689414905
36.24074561769746,3.731549022289513,-0.4852402618023552,0.021351036231948978,-0.027807019929114305,3.034376577862254,32.0314836020202,0.058266872572209284,0,1,0,1,2.15348952920464,2023-01-01 04:00:00,2023-01-01 04:00:00,2023-01-01 08:00:00,SOL/USDT,BUY,215.348952920464
36.23978081344811,0.947665841823575,0.10925883459236418,0.024523291855945404,-0.0016759832934000463,2.3038618272184843,49.49567280448621,0.05735593700440726,0,0,0,0,0.6009487192216567,2023-01-01 05:00:00,2023-01-01 05:00:00,2023-01-01 09:00:00,ETH/USDT,SELL,60.09487192216567
32.323344486727976,-2.382606994405297,-0.42680574161361146,0.03583668965326405,0.0038904679957569854,2.459751240607818,23.852536224508047,0.025097260667840203,0,1,0,0,1.2444142880868039,2023-01-01 06:00:00,2023-01-01 06:00:00,2023-01-01 10:00:00,BTC/USDT,SELL,124.44142880868039
64.6470458309974,1.3131072172676594,-0.3455367088515065,0.03283113218675648,-0.026057481634298857,2.75501092643674,54.91828411486393,0.05612198291628601,0,1,0,1,-0.7776662355615382,2023-01-01 07:00:00,2023-01-01 07:00:00,2023-01-01 11:00:00,ETH/USDT,BUY,-77.76662355615383
54.04460046972835,-1.9493633404546429,-0.34721587918976365,0.02424386903591385,0.01653165700170063,3.2473542283726777,36.13960426610586,0.0375705083957911,0,1,0,0,2.0782235748405373,2023-01-01 08:00:00,2023-01-01 08:00:00,2023-01-01 12:00:00,BTC/USDT,BUY,207.82235748405373
58.32290311184182,1.574169207484904,0.3439733927508827,0.04946060995171919,-0.002802669915118343,3.46816693839859,67.85354603823129,0.05558630839290445,0,1,0,0,-0.15152857307091977,2023-01-01 09:00:00,2023-01-01 09:00:00,2023-01-01 13:00:00,BTC/USDT,SELL,-15.152857307091978
30.823379771832098,2.317191158014808,0.46985834304505025,0.034230992774275486,0.0014634161596548054,3.0365468277290364,38.621717535414426,0.01746151212155935,1,0,1,1,2.840961234482425,2023-01-01 10:00:00,2023-01-01 10:00:00,2023-01-01 14:00:00,SOL/USDT,SELL,284.0961234482425
68.79639408647978,-1.641364636703421,0.25837939462630755,0.019489071669439778,-0.00355423518370631,2.3355335643346677,47.31320894490807,0.05604917132221253,0,0,0,0,-2.143714466080311,2023-01-01 11:00:00,2023-01-01 11:00:00,2023-01-01 15:00:00,SOL/USDT,SELL,-214.37144660803108
63.29770563201687,1.9267522584886436,0.7508243130169046,0.01407129890481615,-0.005954216347480442,2.34271400455414,20.697232394486036,0.07995896080394665,1,1,0,0,-3.1075175320321287,2023-01-01 12:00:00,2023-01-01 12:00:00,2023-01-01 16:00:00,SOL/USDT,BUY,-310.75175320321284
38.49356442713105,0.8255618538729966,-0.012668246619184698,0.016114365567373282,0.0035784198784930762,2.9751646031777828,24.346813267673532,0.013374842720238922,1,1,0,1,3.1357793160500576,2023-01-01 13:00:00,2023-01-01 13:00:00,2023-01-01 17:00:00,ETH/USDT,SELL,313.57793160500574
37.27299868828403,1.64412031998898,-0.12857428783358105,0.019838309135380323,-0.02068558524415725,1.9775542915366047,43.549613384401084,0.07840219289549222,0,0,0,1,2.2528190521950333,2023-01-01 14:00:00,2023-01-01 14:00:00,2023-01-01 18:00:00,ETH/USDT,BUY,225.28190521950333
37.33618039413735,3.7935859653078947,0.6291788666462983,0.01642725493038223,-0.01908431217028373,1.7209482262627893,48.796330083027414,0.038483557250600944,1,0,0,1,-0.3041031087150208,2023-01-01 15:00:00,2023-01-01 15:00:00,2023-01-01 19:00:00,SOL/USDT,BUY,-30.410310871502077
42.169689718381505,-0.490776232005741,-0.20932540992471155,0.01746268096205223,0.021707137260811034,2.209244315281553,56.001232887158224,0.07095274152360814,0,0,0,0,-1.7393261625493888,2023-01-01 16:00:00,2023-01-01 16:00:00,2023-01-01 20:00:00,ETH/USDT,SELL,-173.93261625493886
50.990257265289515,-1.5074723287149792,0.7521893012727947,0.021403806747753884,0.02676692772801796,2.0744779833081637,37.499754722558194,0.06476698388407914,1,1,0,0,2.250869568829539,2023-01-01 17:00:00,2023-01-01 17:00:00,2023-01-01 21:00:00,SOL/USDT,SELL,225.08695688295387
47.27780074568463,-1.7790288592510466,-0.48419918290323877,0.01693494381179019,-0.007601441023214823,2.09261624091198,61.69891316759255,0.04969113826906675,0,1,0,1,-0.8788237857346557,2023-01-01 18:00:00,2023-01-01 18:00:00,2023-01-01 22:00:00,ETH/USDT,BUY,-87.88237857346557
41.649165607921674,-1.6316205699308766,0.7608424747199307,0.04587061698505701,-0.013755319611386773,1.9672155020998199,71.60734383135227,0.06169144464759286,1,0,0,0,3.285345906511927,2023-01-01 19:00:00,2023-01-01 19:00:00,2023-01-01 23:00:00,BTC/USDT,SELL,328.5345906511927
54.474115788895176,-0.1542034188282084,-0.44389211446425103,0.013209349826465688,0.008639972594340947,1.5841863792727238,66.791059333601,0.07149608929109436,1,0,0,0,-1.8012414692957375,2023-01-01 20:00:00,2023-01-01 20:00:00,2023-01-02 00:00:00,BTC/USDT,SELL,-180.12414692957375
35.57975442608167,0.6823039496332878,0.6584860478074925,0.030980455582810186,-0.005475949734114215,1.5357478694668276,22.377129520901427,0.03828982251557231,1,1,1,0,1.276783851216766,2023-01-01 21:00:00,2023-01-01 21:00:00,2023-01-02 01:00:00,SOL/USDT,BUY,127.6783851216766
41.685785941408724,0.5533815986600381,0.18601144181218987,0.026415873079586462,-0.028476818660379308,3.4754447794720633,48.830416835469734,0.03289232130942671,1,1,1,1,0.8427630485020308,2023-01-01 22:00:00,2023-01-01 22:00:00,2023-01-02 02:00:00,ETH/USDT,SELL,84.27630485020308
44.65447373174767,1.6543664980720476,0.7908542349550904,0.04929514467634426,-0.02063084415802858,2.3555462674717247,26.295810705090492,0.05673153698945094,0,0,1,0,1.2063748621646861,2023-01-01 23:00:00,2023-01-01 23:00:00,2023-01-02 03:00:00,ETH/USDT,BUY,120.63748621646862
48.24279936868144,0.02600378375581404,-0.4040644658439815,0.014481556086722094,0.012958333730843853,2.268653294319363,34.522700951751645,0.0665492159358881,0,0,0,1,0.41177199577161483,2023-01-02 00:00:00,2023-01-02 00:00:00,2023-01-02 04:00:00,BTC/USDT,BUY,41.17719957716148
61.407038455720546,2.9070681543146337,0.22001056972171706,0.025914223961829665,0.009535436514609079,2.85929456538614,79.19975559602878,0.06335995943436311,0,0,0,0,-0.3255858121445884,2023-01-02 01:00:00,2023-01-02 01:00:00,2023-01-02 05:00:00,BTC/USDT,SELL,-32.55858121445884
37.98695128633439,-0.5293136664759122,0.7600932963048286,0.04877881733101476,-0.02837424044979099,1.9365077757301283,28.549732574090793,0.06584695542010442,0,0,1,0,0.08183835079144226,2023-01-02 02:00:00,2023-01-02 02:00:00,2023-01-02 06:00:00,SOL/USDT,BUY,8.183835079144226
50.569377536544465,5.440338333179238,0.18002719742119344,0.04462028503575921,-0.016681670284023033,3.3999223679004507,49.933289207081366,0.04049083203690531,0,0,0,0,-2.0043749115629454,2023-01-02 03:00:00,2023-01-02 03:00:00,2023-01-02 07:00:00,BTC/USDT,BUY,-200.43749115629456
53.696582754481696,1.2513346955300124,0.31821822957584134,0.0426828828379712,-0.016135512204715714,3.0726900288311043,57.089344059087146,0.06724839513225152,0,1,0,1,2.9816486908402515,2023-01-02 04:00:00,2023-01-02 04:00:00,2023-01-02 08:00:00,SOL/USDT,SELL,298.16486908402516
31.85801650879991,-1.714315112832565,0.40447329568000234,0.020316113081797593,0.010313564615923705,1.678822004624519,62.147898232646234,0.018414633875942592,1,1,0,0,-1.0264271329431705,2023-01-02 05:00:00,2023-01-02 05:00:00,2023-01-02 09:00:00,BTC/USDT,SELL,-102.64271329431705
54.30179407605753,-2.1417849961222246,0.09090338419810517,0.016835503495602634,-0.02881736773473815,2.3351615515698567,53.578921009214845,0.048114236857259476,0,1,0,0,-0.45719983068003717,2023-01-02 06:00:00,2023-01-02 06:00:00,2023-01-02 10:00:00,BTC/USDT,SELL,-45.719983068003714
36.82096494749166,0.9649448304863706,0.31582550410928245,0.03674572879697724,-0.02375348508092557,3.2582366151243294,20.58625084515102,0.01040310623486851,1,1,1,1,-0.4886987492170245,2023-01-02 07:00:00,2023-01-02 07:00:00,2023-01-02 11:00:00,ETH/USDT,BUY,-48.86987492170245
32.60206371941118,-0.4469255706517018,0.2596086055000303,0.04717503956510343,0.017994965122391363,3.3894640445828204,39.58767849463951,0.03272100809301892,0,0,0,0,-5.124667317590621,2023-01-02 08:00:00,2023-01-02 08:00:00,2023-01-02 12:00:00,BTC/USDT,BUY,-512.4667317590621
67.95542149013333,1.428000988184184,0.6715054136382856,0.03227051572055719,-0.019287320276739982,2.4348030224997395,51.06269860308269,0.03565230744099786,1,0,0,0,-0.38205552520033803,2023-01-02 09:00:00,2023-01-02 09:00:00,2023-01-02 13:00:00,BTC/USDT,SELL,-38.205552520033805
68.62528132298237,0.9464752491470897,-0.44091970555610477,0.03286450757879599,0.00916476647111248,2.7268227784214156,25.27198994869,0.03773208841264788,1,0,0,1,6.325230843225832,2023-01-02 10:00:00,2023-01-02 10:00:00,2023-01-02 14:00:00,SOL/USDT,BUY,632.5230843225831
62.33589392465844,-0.14565782531374555,-0.13474785353010055,0.021199163746411367,-0.015709033137196408,1.8340678921841505,41.037615872550845,0.05868270446829036,0,0,0,0,1.5692085757960477,2023-01-02 11:00:00,2023-01-02 11:00:00,2023-01-02 15:00:00,BTC/USDT,SELL,156.92085757960476
42.18455076693483,-1.69358743613681,0.7355349292995264,0.040779717327677475,-0.024033516434439288,3.482337252273953,21.992186527481994,0.037199067088924204,0,1,1,0,-0.03852075946878928,2023-01-02 12:00:00,2023-01-02 12:00:00,2023-01-02 16:00:00,SOL/USDT,SELL,-3.852075946878928
33.90688456025536,-3.0296944493717293,0.6573429190581912,0.017481749942300936,-0.015409668540032754,1.9633434027668868,24.714709829301245,0.04140855358357715,1,1,0,0,-0.5257816584165353,2023-01-02 13:00:00,2023-01-02 13:00:00,2023-01-02 17:00:00,BTC/USDT,BUY,-52.57816584165354
57.36932106048627,-0.8930299041340422,0.0923537786214268,0.022947169456169748,0.013336015911339552,3.385463548270251,43.815396572095764,0.026628089161202927,0,0,0,1,1.5449317856240927,2023-01-02 14:00:00,2023-01-02 14:00:00,2023-01-02 18:00:00,BTC/USDT,SELL,154.49317856240927
47.606099749584054,1.7127975886469446,0.30617237714199774,0.02701745754465667,0.021341788086377142,2.799293297984737,27.962945242583622,0.03612762541405381,0,0,1,1,2.59423823035042,2023-01-02 15:00:00,2023-01-02 15:00:00,2023-01-02 19:00:00,SOL/USDT,BUY,259.423823035042
34.881529393791155,0.4281874882604079,-0.1394044621245275,0.0303044151473782,0.019813191874019496,2.7154735897577185,54.05245089569349,0.0259088739084206,0,1,0,0,-2.3616256306176897,2023-01-02 16:00:00,2023-01-02 16:00:00,2023-01-02 20:00:00,ETH/USDT,BUY,-236.16256306176896
49.80707640445081,-2.491477557423976,-0.2554424923591103,0.01969638929660321,-0.0061689882228927115,2.525377022033017,61.367898148235945,0.015123714663791055,0,0,0,1,3.728643389337744,2023-01-02 17:00:00,2023-01-02 17:00:00,2023-01-02 21:00:00,SOL/USDT,SELL,372.86433893377443
31.375540844608736,0.346361851702364,0.10280792642197678,0.014593472989568142,0.010085108194238766,1.9613396234355174,68.03520194654497,0.05224140153669646,0,0,0,0,1.4307626308824881,2023-01-02 18:00:00,2023-01-02 18:00:00,2023-01-02 22:00:00,SOL/USDT,BUY,143.07626308824882
66.37281608315129,0.7706347594576736,-0.04064210356613135,0.034424801697665305,-0.017700942275050743,1.8530560640110165,32.009014654688606,0.056774895898851145,0,1,0,0,1.436371451415869,2023-01-02 19:00:00,2023-01-02 19:00:00,2023-01-02 23:00:00,SOL/USDT,SELL,143.6371451415869
40.35119926400068,-1.767714872402266,0.2587529454061337,0.02154522212961023,-0.012411136184339203,1.9409724181403507,30.048954935544185,0.05336432422067302,0,1,0,0,0.8769514776194546,2023-01-02 20:00:00,2023-01-02 20:00:00,2023-01-03 00:00:00,ETH/USDT,BUY,87.69514776194546
56.50089137415928,0.3074502118910558,-0.3989449719455197,0.03324952885690449,0.023780149111267183,1.872876524288509,26.274070420064014,0.04244458306604007,0,0,0,0,0.039233315387979806,2023-01-02 21:00:00,2023-01-02 21:00:00,2023-01-03 01:00:00,BTC/USDT,BUY,3.9233315387979806
42.46844304357644,0.11641743689199979,0.7667132499660165,0.016174508610968093,-0.029219884589355836,3.0591689471335064,58.1858149726182,0.03658500461254609,1,0,0,0,1.3457224719336398,2023-01-02 22:00:00,2023-01-02 22:00:00,2023-01-03 02:00:00,SOL/USDT,BUY,134.57224719336398
50.80272084711243,-2.285940595661246,0.7820739678234838,0.029245604074192702,-0.024869488148731914,2.20025051833346,62.388543589214066,0.07043335547002777,0,1,0,0,1.183628267482756,2023-01-02 23:00:00,2023-01-02 23:00:00,2023-01-03 03:00:00,SOL/USDT,SELL,118.36282674827561
51.86841117373119,0.7155747206965666,0.4076102282256687,0.031303577302063436,-0.01752682469123836,1.6156853531267927,21.895168689538522,0.04633572495953527,1,0,1,0,-0.7080814218820476,2023-01-03 00:00:00,2023-01-03 00:00:00,2023-01-03 04:00:00,ETH/USDT,BUY,-70.80814218820476
37.39417822102108,1.1215690527364688,0.19692527624735656,0.012072941472897076,-0.028408067767570815,3.438205260281623,76.17273477462139,0.043542731434081175,0,0,0,0,-1.147203545793802,2023-01-03 01:00:00,2023-01-03 01:00:00,2023-01-03 05:00:00,SOL/USDT,SELL,-114.72035457938019
68.78338511058234,2.166102486350554,-0.09761409882777394,0.023464171127756825,-0.01911387389461216,3.2675717699268514,23.118277019088346,0.011794944606450499,0,1,0,1,1.7037125905239734,2023-01-03 02:00:00,2023-01-03 02:00:00,2023-01-03 06:00:00,BTC/USDT,BUY,170.37125905239733
61.00531293444458,2.107604104069806,0.5579335256190334,0.01537658707755897,0.004982493658181528,3.355504566390426,52.47778011806423,0.03388734793383095,0,0,0,0,3.0980403029903747,2023-01-03 03:00:00,2023-01-03 03:00:00,2023-01-03 07:00:00,ETH/USDT,BUY,309.8040302990375
67.57995766256757,-2.755338735914182,0.39015052432004305,0.01253499881891071,-0.004714526964450124,3.489815645292871,62.54363116705498,0.03661369331501,0,1,0,1,-0.9782141513078018,2023-01-03 04:00:00,2023-01-03 04:00:00,2023-01-03 08:00:00,BTC/USDT,SELL,-97.82141513078018
65.79309401710594,-1.8756500798302456,-0.2885979788516413,0.04959840929559781,0.02356030266461849,1.8477904984389746,72.25814742476513,0.037917594662783036,0,0,0,1,-1.43505053150488,2023-01-03 05:00:00,2023-01-03 05:00:00,2023-01-03 09:00:00,BTC/USDT,SELL,-143.505053150488
53.915999152443405,1.0300705344173195,0.6842053398419952,0.022894153798988917,0.01904661370430645,2.2924840378053175,62.84521592794567,0.05061206584591327,0,1,1,0,0.3295216824730335,2023-01-03 06:00:00,2023-01-03 06:00:00,2023-01-03 10:00:00,ETH/USDT,SELL,32.95216824730335
66.87496940092467,1.0275719018244176,0.5692984158001198,0.042394977834185395,-0.009490958898127441,3.0164769514081824,68.10368498418751,0.0473521782708815,0,0,1,1,1.6017754037120362,2023-01-03 07:00:00,2023-01-03 07:00:00,2023-01-03 11:00:00,SOL/USDT,SELL,160.17754037120363
33.53970008207678,1.0300953726120958,0.7347398872795012,0.020185626190550553,-0.01443459399412245,2.8920412361075845,40.367011552568364,0.05255335649554113,0,0,0,0,0.3466833287408164,2023-01-03 08:00:00,2023-01-03 08:00:00,2023-01-03 12:00:00,BTC/USDT,SELL,34.66833287408164
37.83931449676581,7.705462981309442,0.443435360904868,0.03726010888895717,-0.007218455509963986,1.8077918126797101,68.88950682479074,0.06354182830794898,0,0,1,0,0.4879063958170005,2023-01-03 09:00:00,2023-01-03 09:00:00,2023-01-03 13:00:00,BTC/USDT,BUY,48.79063958170005
31.80909155642152,1.141781021386334,0.29743975471652684,0.04040911439558746,0.005417696550888466,3.1316662499812358,24.806890783080508,0.06690900171012655,0,0,0,1,1.0535954907303897,2023-01-03 10:00:00,2023-01-03 10:00:00,2023-01-03 14:00:00,BTC/USDT,BUY,105.35954907303898
43.013213230530575,2.271131280361198,0.04371594717780458,0.03382554962431377,-0.013916181550627425,1.9488811436733213,73.68899936363167,0.06026861533585461,0,1,0,0,2.9797268772041643,2023-01-03 11:00:00,2023-01-03 11:00:00,2023-01-03 15:00:00,BTC/USDT,SELL,297.97268772041645
45.54709158757928,1.9080035269864046,0.7125470283602173,0.02886304754200634,0.007448934470948042,1.9476352296452462,52.85554256922418,0.07688665871684543,1,1,0,1,-1.701807956953031,2023-01-03 12:00:00,2023-01-03 12:00:00,2023-01-03 16:00:00,ETH/USDT,BUY,-170.18079569530312
40.853961270955836,1.302782502611596,0.6258830563505309,0.02647363656589074,-0.005435300868525575,2.573948845786827,69.03786619774962,0.011276280787345314,0,0,1,1,-0.156994049560492,2023-01-03 13:00:00,2023-01-03 13:00:00,2023-01-03 17:00:00,ETH/USDT,BUY,-15.6994049560492
63.14950036607718,-0.6305384892806912,-0.44121572886195376,0.02395473066171981,0.0031228308511188144,2.685879869683406,47.13909707109801,0.02370445899784823,0,0,0,0,-0.20650952029809477,2023-01-03 14:00:00,2023-01-03 14:00:00,2023-01-03 18:00:00,BTC/USDT,BUY,-20.650952029809478
44.27013306774357,1.5179384409865349,-0.4657229331535724,0.04718116576991303,-0.0038324082518809977,2.660172415675622,58.6146617117915,0.010529401248469948,1,1,0,0,-3.2863776223083345,2023-01-03 15:00:00,2023-01-03 15:00:00,2023-01-03 19:00:00,SOL/USDT,SELL,-328.63776223083346
41.23738038749523,-1.5456504290751436,-0.01059762305853551,0.043224776311509165,-0.012332054427484938,1.6829736747955097,51.58415965616679,0.05532322999082222,0,1,0,1,1.1482911911358578,2023-01-03 16:00:00,2023-01-03 16:00:00,2023-01-03 20:00:00,BTC/USDT,BUY,114.82911911358578
51.707843326329936,-0.47363721348001775,0.5537193300163827,0.048601076426660506,0.0269071984177294,3.2549217252607607,63.89537130531991,0.07286213842649908,0,0,0,0,3.3229403314560364,2023-01-03 17:00:00,2023-01-03 17:00:00,2023-01-03 21:00:00,SOL/USDT,BUY,332.29403314560363
35.636968998990504,-0.9707270956582069,0.783458968109428,0.01497188893942179,0.01581634764958565,2.031200085177412,24.897798921835374,0.02704376076034095,1,0,0,0,0.041772976591923576,2023-01-03 18:00:00,2023-01-03 18:00:00,2023-01-03 22:00:00,BTC/USDT,BUY,4.177297659192358
62.08787923016159,0.1637482787726451,-0.30445804156541334,0.039234699008145774,-0.021593209454012847,1.7590298425656083,23.621125039433828,0.07489241813574146,0,0,1,0,0.46140181143736697,2023-01-03 19:00:00,2023-01-03 19:00:00,2023-01-03 23:00:00,SOL/USDT,SELL,46.1401811437367
32.98202574719083,4.629317133347017,0.27236992995777565,0.04753361827284151,0.02210807855387477,3.2774961597379546,34.82619404060878,0.014218717320269261,0,1,1,0,-2.5203295303451605,2023-01-03 20:00:00,2023-01-03 20:00:00,2023-01-04 00:00:00,BTC/USDT,BUY,-252.03295303451605
69.47547746402068,-3.734530385183496,-0.0048418863796720335,0.017249322646626406,-0.000754128105029183,3.411302996459507,29.5726808067913,0.075410521876386,0,0,0,0,-1.232722816078955,2023-01-03 21:00:00,2023-01-03 21:00:00,2023-01-04 01:00:00,SOL/USDT,BUY,-123.2722816078955
60.889790771866295,1.372520380749027,0.7608887171589842,0.0126598506946711,0.023673133613645488,3.2242552345309012,72.3070139955321,0.03461358810677441,0,1,1,1,0.749607239352126,2023-01-03 22:00:00,2023-01-03 22:00:00,2023-01-04 02:00:00,BTC/USDT,SELL,74.9607239352126
37.948627261366894,-3.2254317423793033,0.5947546000764212,0.03964482597160236,0.017991315356838913,3.1190321494497564,33.15283924148266,0.017099457991445157,0,0,0,0,-0.6354301935124681,2023-01-03 23:00:00,2023-01-03 23:00:00,2023-01-04 03:00:00,BTC/USDT,SELL,-63.54301935124681
30.220884684944096,-0.9438637315788669,0.5898273161244791,0.032978924527196474,-0.004487189731845993,2.8104839612780435,78.55191534914788,0.0440110231430428,0,1,1,0,2.5632875900075374,2023-01-04 00:00:00,2023-01-04 00:00:00,2023-01-04 04:00:00,SOL/USDT,BUY,256.32875900075373
62.618457138193364,2.177901193934732,0.10930110773346136,0.04367315107033089,-0.028651841500792957,2.6017147412182786,40.213747506266415,0.027974359740435557,0,0,0,1,2.6153821214502493,2023-01-04 01:00:00,2023-01-04 01:00:00,2023-01-04 05:00:00,ETH/USDT,BUY,261.53821214502494
58.274293753904686,0.12856003819092554,0.03926535303896472,0.01559089506505158,-0.013879358436903234,1.6739735198228203,30.927074941321955,0.0299411031373346,0,0,0,1,-0.722915913874064,2023-01-04 02:00:00,2023-01-04 02:00:00,2023-01-04 06:00:00,SOL/USDT,SELL,-72.2915913874064
59.160286721639494,-2.1554895558586122,-0.14457080649008186,0.04181069247439561,0.0024980528796520185,2.316906426141397,67.38191042854875,0.03151029754484006,1,0,0,0,0.49300955686400977,2023-01-04 03:00:00,2023-01-04 03:00:00,2023-01-04 07:00:00,ETH/USDT,SELL,49.300955686400975
60.85081386743783,-1.4306074185199364,-0.4267118543537948,0.01806509280190978,0.008008693189568837,2.245377034024628,59.52246653005257,0.06621181284828645,1,1,1,1,2.49644349699357,2023-01-04 04:00:00,2023-01-04 04:00:00,2023-01-04 08:00:00,BTC/USDT,SELL,249.644349699357
32.96178606936361,1.3591954978693517,0.6241390891315692,0.01654623771462818,-0.014526738874007862,2.0195075675206526,49.89174298718834,0.04774128936726782,0,0,0,0,2.280298077042533,2023-01-04 05:00:00,2023-01-04 05:00:00,2023-01-04 09:00:00,SOL/USDT,SELL,228.0298077042533
44.33862914177091,-1.4607332634342733,0.5567713118691009,0.016570631917239717,-0.021638635555630552,2.94684022737717,53.321813056257874,0.03179153894092026,0,0,0,0,3.161081373136747,2023-01-04 06:00:00,2023-01-04 06:00:00,2023-01-04 10:00:00,SOL/USDT,SELL,316.1081373136747
34.63476238100519,0.43291717916394973,0.7996329752719697,0.04258298880925529,0.020095814207957946,2.4917514701575416,63.15210669633583,0.05272336483176429,0,0,0,0,-2.0301883836557373,2023-01-04 07:00:00,2023-01-04 07:00:00,2023-01-04 11:00:00,SOL/USDT,SELL,-203.01883836557374
64.52413703502374,0.09114367980762757,0.795627888196077,0.036607888827848004,0.029064130842213126,1.6620924318152959,33.70728447987793,0.06013054719562356,0,0,0,1,-0.12171502242067644,2023-01-04 08:00:00,2023-01-04 08:00:00,2023-01-04 12:00:00,ETH/USDT,SELL,-12.171502242067644
54.93192507310232,-1.3032006952116342,0.22206121728341566,0.030922616990764776,0.001541410938161153,1.9403664038996227,79.78003496340452,0.029083680051347365,0,1,0,1,-1.0151557178292325,2023-01-04 09:00:00,2023-01-04 09:00:00,2023-01-04 13:00:00,ETH/USDT,BUY,-101.51557178292325
43.23592099410597,4.287888178650651,0.4996836397346637,0.0243532193649401,-0.019699242849101788,2.866517527319192,78.487589728807,0.03894843710677461,0,1,0,1,1.0319602817860374,2023-01-04 10:00:00,2023-01-04 10:00:00,2023-01-04 14:00:00,BTC/USDT,SELL,103.19602817860374
32.54233401144094,1.2678380446360225,0.7281954488471565,0.04508802163252433,-0.013661560408837863,1.6522617189806004,59.01954118081621,0.018532026533586328,1,1,1,0,0.932716748892669,2023-01-04 11:00:00,2023-01-04 11:00:00,2023-01-04 15:00:00,ETH/USDT,SELL,93.2716748892669
42.43929286862649,-4.050285173315214,0.6045416078806349,0.025697804296905415,-0.028896559407151995,3.202413828097537,31.972547055748706,0.022680454467427624,0,0,0,0,1.9746690331782037,2023-01-04 12:00:00,2023-01-04 12:00:00,2023-01-04 16:00:00,ETH/USDT,BUY,197.46690331782037
43.007332881069885,0.3729086295388553,-0.178447467733843,0.04266397757886309,0.024857928393629942,2.4902930540279486,60.81369454587748,0.057678249777548804,0,1,0,1,1.3480979527149546,2023-01-04 13:00:00,2023-01-04 13:00:00,2023-01-04 17:00:00,BTC/USDT,SELL,134.80979527149546
59.18424713352256,-1.323572929536776,0.08570737590312161,0.02756539634280874,-0.02293493502659153,2.461173154653296,24.33190453875055,0.022700684338693888,0,0,0,0,-0.6396950465096879,2023-01-04 14:00:00,2023-01-04 14:00:00,2023-01-04 18:00:00,SOL/USDT,SELL,-63.96950465096879
55.502298854208526,1.704866669592448,-0.3320927603030565,0.025077777176996302,0.004590988530855211,2.684815569319035,21.839150132348365,0.04676143685669422,0,0,1,0,0.30351598449748074,2023-01-04 15:00:00,2023-01-04 15:00:00,2023-01-04 19:00:00,SOL/USDT,BUY,30.351598449748074
65.48850970305307,-1.5850414768654013,0.740266335436339,0.028507191426784255,-0.01355668675876764,3.149361931850298,35.46097331067282,0.0596332383205703,1,0,1,0,-1.670285803260046,2023-01-04 16:00:00,2023-01-04 16:00:00,2023-01-04 20:00:00,BTC/USDT,SELL,-167.0285803260046
48.88859700647797,-0.22947288293379803,0.28802702478614406,0.022055114966565682,0.0032506801509476074,2.195618415804386,47.75737740435898,0.017481384616632067,1,0,0,0,4.179077443389547,2023-01-04 17:00:00,2023-01-04 17:00:00,2023-01-04 21:00:00,SOL/USDT,BUY,417.90774433895467
34.78376983753207,1.0099745579609143,-0.20276435284549843,0.03990437520705004,0.009085223301111854,2.856032305118127,72.09635032450282,0.049711855374023256,1,1,0,0,-3.2153220542361174,2023-01-04 18:00:00,2023-01-04 18:00:00,2023-01-04 22:00:00,ETH/USDT,BUY,-321.53220542361174
58.5297914889198,1.731510388340243,0.37321088972761374,0.030108815603699164,0.0197845082224321,2.6314639279915824,63.63014418597848,0.027959394859095467,0,1,0,1,1.869481157791449,2023-01-04 19:00:00,2023-01-04 19:00:00,2023-01-04 23:00:00,BTC/USDT,BUY,186.9481157791449
60.4314019446759,-2.4005928141115525,0.3035667125952646,0.01928850780587269,-0.01761472369436381,2.0340565403388426,64.56239127199886,0.07740488126663059,0,1,0,1,5.547212438459279,2023-01-04 20:00:00,2023-01-04 20:00:00,2023-01-05 00:00:00,BTC/USDT,BUY,554.7212438459279
52.45108790277985,-0.6690024716818967,-0.03438846655730732,0.04598298293098274,-0.02934025028049117,3.257259972710316,45.52960006688452,0.043848195270394734,0,0,1,0,0.013599689119995538,2023-01-04 21:00:00,2023-01-04 21:00:00,2023-01-05 01:00:00,BTC/USDT,SELL,1.3599689119995537
60.83868719818244,-0.9498906223219123,-0.3523751301404823,0.025355648854928456,-0.021786862195871563,3.094852043213856,40.75609955281777,0.06641947848426107,0,0,0,0,-0.38007807000298893,2023-01-04 22:00:00,2023-01-04 22:00:00,2023-01-05 02:00:00,SOL/USDT,BUY,-38.0078070002989
49.75182385457563,-1.3066584651474238,0.37304515427063956,0.031742114444559544,0.024001118510886307,2.8169036693168508,42.262325779076164,0.04851585795093833,0,0,0,0,-0.7148908456208544,2023-01-04 23:00:00,2023-01-04 23:00:00,2023-01-05 03:00:00,BTC/USDT,BUY,-71.48908456208544
50.90931317527976,3.5309084805621938,0.17640001117493131,0.04625888443858188,0.02243340465375091,3.201163458188484,79.25897382416346,0.013038877299837342,1,0,0,1,1.1392166364751843,2023-01-05 00:00:00,2023-01-05 00:00:00,2023-01-05 04:00:00,BTC/USDT,SELL,113.92166364751843
47.101640734341984,0.8099634219219111,0.5040139092563312,0.03496951983655969,0.0058447861302185,3.2345884019196047,22.40655148474895,0.05432059629158157,0,0,1,1,4.245696949353061,2023-01-05 01:00:00,2023-01-05 01:00:00,2023-01-05 05:00:00,BTC/USDT,BUY,424.5696949353061
31.016765069763807,-2.5217679086700904,0.17621255144559145,0.014675921628334563,0.0060310116260192045,2.9167259534300696,72.02188976734692,0.076598233954466,0,0,0,0,-4.423723822659014,2023-01-05 02:00:00,2023-01-05 02:00:00,2023-01-05 06:00:00,SOL/USDT,BUY,-442.37238226590136
34.315657079732176,1.8357238941095522,0.6078359504141022,0.04759328494453901,0.009902200472775326,3.174026656727344,54.7205245143436,0.05211282741024319,0,0,0,1,4.566867402592651,2023-01-05 03:00:00,2023-01-05 03:00:00,2023-01-05 07:00:00,ETH/USDT,BUY,456.6867402592651
31.25716742746937,4.2443123940252665,0.21747889040683122,0.035108322122856715,-0.019477723282593024,2.8949429233385673,46.31692515137543,0.06734322015987532,0,0,0,0,-2.84791430490029,2023-01-05 04:00:00,2023-01-05 04:00:00,2023-01-05 08:00:00,BTC/USDT,BUY,-284.79143049002903
55.45641645055122,2.0649305211022937,0.2292193629960022,0.023396224586283446,0.024864716755497583,2.8602815435206006,63.51545962490819,0.07189445243438855,0,1,1,0,-0.5333046584688296,2023-01-05 05:00:00,2023-01-05 05:00:00,2023-01-05 09:00:00,ETH/USDT,SELL,-53.33046584688296
42.57423924305307,-3.038739931908027,0.6396496834558485,0.01557088290653549,-0.004873768506475612,2.7372227564303686,49.200136485482176,0.025965584036425272,1,1,0,1,0.6415111594026763,2023-01-05 06:00:00,2023-01-05 06:00:00,2023-01-05 10:00:00,SOL/USDT,BUY,64.15111594026763
50.34282764658811,-0.9684681457325027,0.024527726076116196,0.04176100757081184,-0.0070116883050301525,3.0054332791152825,72.40539428489964,0.024843138793575865,1,1,0,0,1.1771065395414395,2023-01-05 07:00:00,2023-01-05 07:00:00,2023-01-05 11:00:00,SOL/USDT,SELL,117.71065395414395
66.30265895704372,2.5338222983732455,-0.32578020301416705,0.03480291023714054,0.0011350623169702513,1.8172102105861474,74.04211184067552,0.05276866921956943,1,1,0,0,-3.196248703767495,2023-01-05 08:00:00,2023-01-05 08:00:00,2023-01-05 12:00:00,SOL/USDT,SELL,-319.6248703767495
39.971689165955,-1.4153389312375615,-0.4625825207926593,0.03133844367905286,-0.027182041993496695,3.261741518397857,45.30325561240733,0.038771992886469334,0,0,0,0,0.9243453321638857,2023-01-05 09:00:00,2023-01-05 09:00:00,2023-01-05 13:00:00,SOL/USDT,BUY,92.43453321638857
46.41531692142519,0.8876388562924569,0.48167843237570473,0.04575570332203831,-0.020022997874635233,3.243687055490464,36.60966783410309,0.06879029120067043,0,1,0,1,5.548619246573705,2023-01-05 10:00:00,2023-01-05 10:00:00,2023-01-05 14:00:00,ETH/USDT,BUY,554.8619246573705
60.22204554172195,1.5492681068586736,0.3064024167595041,0.041543888448981235,0.014282016985582228,1.5584945660691183,55.541019715601735,0.07300161863786078,0,1,0,0,-2.726348009185621,2023-01-05 11:00:00,2023-01-05 11:00:00,2023-01-05 15:00:00,BTC/USDT,BUY,-272.63480091856206
39.1519266196649,-1.853860943156166,0.41530369852899063,0.016066995189310047,-0.025032079924492412,3.1516335011295253,74.74180073700145,0.03473949655119027,0,0,0,0,0.3794123352207913,2023-01-05 12:00:00,2023-01-05 12:00:00,2023-01-05 16:00:00,SOL/USDT,BUY,37.94123352207913
33.07919639315172,-0.11905071212360016,-0.22314659003841603,0.02246888271182193,0.0061891265679832885,1.7577397349468904,32.63973134033999,0.026580939128213743,1,0,0,0,-1.3239643555932181,2023-01-05 13:00:00,2023-01-05 13:00:00,2023-01-05 17:00:00,SOL/USDT,SELL,-132.39643555932182
41.59005811655072,-6.482534680138145,-0.32271708173719926,0.01993956559257863,-0.015279053419120742,2.170237708518284,57.37799501380897,0.06463678606707034,0,1,0,1,2.3517744123860718,2023-01-05 14:00:00,2023-01-05 14:00:00,2023-01-05 18:00:00,ETH/USDT,SELL,235.17744123860717
36.44885149016018,-2.0487752826685797,-0.4810919346317535,0.03975785170290708,-0.006642263157481405,2.9870165125832155,57.89361320555123,0.02923642248836953,0,0,1,1,1.538295554831504,2023-01-05 15:00:00,2023-01-05 15:00:00,2023-01-05 19:00:00,ETH/USDT,SELL,153.82955548315041
67.18790609370292,-0.5051363027863206,-0.044236173551423896,0.011341297389431175,-0.012678375793758006,1.8215197920966164,63.98678134491686,0.0675830022959575,0,0,0,0,-1.2829738180886192,2023-01-05 16:00:00,2023-01-05 16:00:00,2023-01-05 20:00:00,SOL/USDT,BUY,-128.29738180886193
62.32481518257668,-2.495566363929699,0.2668929929110231,0.03279558739485266,-0.008659637012103052,3.1359340482381244,27.894061107635586,0.0396616777554134,0,0,1,0,0.975744569742148,2023-01-05 17:00:00,2023-01-05 17:00:00,2023-01-05 21:00:00,BTC/USDT,SELL,97.5744569742148
55.33615026041694,3.2648226078632705,0.009917258629651982,0.04049834742962762,0.01314275431105473,3.1642683559154836,62.949497880925314,0.056728492950402935,1,0,0,1,5.108696219573487,2023-01-05 18:00:00,2023-01-05 18:00:00,2023-01-05 22:00:00,BTC/USDT,BUY,510.86962195734867
64.85842360750871,-2.8602827559212654,0.0687173986308478,0.04507062547046998,-0.012172697062609497,2.5149354675216724,74.54195123993847,0.01668747196842677,0,0,0,0,-0.38180758345459737,2023-01-05 19:00:00,2023-01-05 19:00:00,2023-01-05 23:00:00,SOL/USDT,BUY,-38.180758345459736
62.14688307596458,-0.8800889733939675,0.6754063028418731,0.0236832699486363,0.003984278417813833,1.5127717434336672,30.78098653221452,0.053670152727360115,0,0,0,0,1.4395158842963638,2023-01-05 20:00:00,2023-01-05 20:00:00,2023-01-06 00:00:00,ETH/USDT,BUY,143.9515884296364
37.46280235544143,0.2614811545721827,-0.04726789286970956,0.042850292186880516,-0.001436975868054021,2.0740762663498256,34.25259949543266,0.04162373751160604,0,0,0,0,-2.5865459157423274,2023-01-05 21:00:00,2023-01-05 21:00:00,2023-01-06 01:00:00,SOL/USDT,BUY,-258.65459157423277
65.70235993959912,2.882546578132231,0.16818633590775411,0.01442526947820829,0.009820269921758891,2.7338538367514844,78.28370564249838,0.05106259242228319,0,0,0,1,-0.4128727536360175,2023-01-05 22:00:00,2023-01-05 22:00:00,2023-01-06 02:00:00,SOL/USDT,BUY,-41.28727536360175
51.57368967662603,-2.8717243023588788,0.518748916563486,0.04385809166938073,0.026209784359485476,3.462372356054847,30.858617162569388,0.021760994542140442,1,1,0,0,0.9448125557607547,2023-01-05 23:00:00,2023-01-05 23:00:00,2023-01-06 03:00:00,ETH/USDT,SELL,94.48125557607547
62.2976062065625,2.326327504309919,0.015505617017651185,0.015099546493279298,0.013954325832615015,2.7636270540333365,71.26310560217475,0.06158116214609276,1,0,0,1,4.46823205707193,2023-01-06 00:00:00,2023-01-06 00:00:00,2023-01-06 04:00:00,SOL/USDT,SELL,446.823205707193
65.84365199693973,0.020466122039174098,0.3087127102962356,0.025891491622414692,-0.017103577284554593,2.0196071621283194,49.53667138688209,0.070395795428026,1,0,1,0,0.71122669757132,2023-01-06 01:00:00,2023-01-06 01:00:00,2023-01-06 05:00:00,SOL/USDT,BUY,71.122669757132
42.72013899887455,-1.9630173020959019,0.6210728213707688,0.04189181463118215,-0.028129011896322918,2.7680114061992227,34.833864464190626,0.025171786006354297,1,0,0,1,0.8738839389536913,2023-01-06 02:00:00,2023-01-06 02:00:00,2023-01-06 06:00:00,SOL/USDT,SELL,87.38839389536913
34.40207698110707,0.9242069485265415,0.7343768107549349,0.015996697093950952,-0.014264157342010496,2.5799707594317107,72.24499407635068,0.016700018886411323,0,1,1,0,-0.0014171891532918344,2023-01-06 03:00:00,2023-01-06 03:00:00,2023-01-06 07:00:00,ETH/USDT,BUY,-0.14171891532918343
39.117406501677664,0.39811939114694006,-0.3088044747922507,0.01917005580930566,0.00570467584201529,3.0596907903022874,46.71831530015993,0.011654701023243548,0,0,0,0,-2.500815467939435,2023-01-06 04:00:00,2023-01-06 04:00:00,2023-01-06 08:00:00,BTC/USDT,BUY,-250.0815467939435
47.084311545050255,-1.2004337543175894,0.7045639127099428,0.03889010273572265,-0.026914451190944978,1.7139612776539168,50.88904123578141,0.05493800503102863,0,0,0,0,1.2090306527107335,2023-01-06 05:00:00,2023-01-06 05:00:00,2023-01-06 09:00:00,BTC/USDT,BUY,120.90306527107334
62.72059063689972,0.13960416998003783,0.13975118100339967,0.038801461461842976,-0.00021802516792581925,3.0220558050040562,41.55400216398594,0.05249658252621466,0,1,0,1,3.2646661246468183,2023-01-06 06:00:00,2023-01-06 06:00:00,2023-01-06 10:00:00,ETH/USDT,SELL,326.4666124646818
64.42922333025373,-0.7706271937235204,-0.16428229521135412,0.03564590531541189,0.0058105709350133525,2.5825331573522208,55.57705108609564,0.04826881888998491,1,1,0,0,-0.9041806656661607,2023-01-06 07:00:00,2023-01-06 07:00:00,2023-01-06 11:00:00,BTC/USDT,BUY,-90.41806656661608
30.27808522124763,0.22703469050249608,0.09687648310973973,0.037757937778684005,-0.00994536655098235,3.4259840077179895,29.811432355101367,0.02623629672811828,0,0,0,1,0.559915704480997,2023-01-06 08:00:00,2023-01-06 08:00:00,2023-01-06 12:00:00,SOL/USDT,BUY,55.9915704480997
50.42989210310263,1.3242613490420934,0.7740423478711203,0.03170897773390385,0.016254732224749317,2.183744332077372,43.46489219910564,0.03736341971338603,1,1,0,1,2.031756459304097,2023-01-06 09:00:00,2023-01-06 09:00:00,2023-01-06 13:00:00,BTC/USDT,SELL,203.1756459304097
46.696440125951156,3.172033632290704,0.1404035221907305,0.02007196235627811,-0.02360410481197369,2.765243786267896,78.16473934011725,0.05161334346303212,0,0,0,1,0.626560527918809,2023-01-06 10:00:00,2023-01-06 10:00:00,2023-01-06 14:00:00,SOL/USDT,SELL,62.6560527918809
38.88431241882921,-2.475630997653698,-0.07262290662623933,0.02382783974015678,-0.025491733095851475,3.364056211020035,35.48800596206765,0.044773680120141865,0,0,0,0,-0.1322652292516449,2023-01-06 11:00:00,2023-01-06 11:00:00,2023-01-06 15:00:00,BTC/USDT,SELL,-13.226522925164492
34.79461469334731,4.266066749312533,0.3234211106117435,0.017263908672057026,0.0136913253722162,1.7050194559813585,59.404199872477534,0.07914498641504211,0,0,0,0,4.199443578333031,2023-01-06 12:00:00,2023-01-06 12:00:00,2023-01-06 16:00:00,ETH/USDT,BUY,419.94435783330306
43.50460685614512,-3.9041755990450038,-0.187810695588349,0.04633802245334514,-0.0002705210276280935,3.3744569744729023,39.511403853481696,0.01955078267897132,1,0,1,0,-0.49405140149199334,2023-01-06 13:00:00,2023-01-06 13:00:00,2023-01-06 17:00:00,BTC/USDT,BUY,-49.40514014919933
67.71638815650077,-0.30357019007116665,-0.40137767345873687,0.03333567179064482,0.011304143785664161,2.875771444601627,66.40838754119605,0.05866011878333157,0,1,1,0,-0.7166803040424444,2023-01-06 14:00:00,2023-01-06 14:00:00,2023-01-06 18:00:00,BTC/USDT,SELL,-71.66803040424445
42.92811728083021,1.176634412969153,-0.332456361516156,0.026034056670545598,-0.003910359683775226,1.6356741182103438,27.85241964310099,0.03830231376730045,0,0,0,1,0.20491638872968165,2023-01-06 15:00:00,2023-01-06 15:00:00,2023-01-06 19:00:00,BTC/USDT,BUY,20.491638872968167
50.75162486973464,0.5619837354700653,-0.3335404093548958,0.02848023214576531,-0.01521587800565359,2.1019271338936325,78.18926270471269,0.03997397304479303,0,0,0,1,2.9883839429998735,2023-01-06 16:00:00,2023-01-06 16:00:00,2023-01-06 20:00:00,ETH/USDT,SELL,298.8383942999873
58.12075835580711,-1.2453990396411876,-0.30252649843401735,0.04789133358447262,0.019146139060451983,2.916344177290563,47.22737248301836,0.060231843596072344,0,1,0,0,-0.362448346436206,2023-01-06 17:00:00,2023-01-06 17:00:00,2023-01-06 21:00:00,BTC/USDT,SELL,-36.2448346436206
44.54518409517176,-0.41624450071455044,-0.3195246755557668,0.016134056124643206,0.017964952738138758,1.6347012029375434,34.16302780078784,0.058470530592705884,0,1,0,0,-1.298746076642852,2023-01-06 18:00:00,2023-01-06 18:00:00,2023-01-06 22:00:00,ETH/USDT,BUY,-129.8746076642852
68.87128330883843,-0.9860018693176656,0.33313716824417905,0.03344919328067189,0.011681788251265604,2.6643409203525463,24.40980483980076,0.07938791955915318,1,0,1,0,2.642608064546024,2023-01-06 19:00:00,2023-01-06 19:00:00,2023-01-06 23:00:00,SOL/USDT,BUY,264.2608064546024
68.49789179768445,-1.178729513888423,-0.2635558902811117,0.030235547155378642,-0.01367129176620224,2.1917661139059135,30.185474305252445,0.018987600261788768,0,1,0,0,2.8392060090272744,2023-01-06 20:00:00,2023-01-06 20:00:00,2023-01-07 00:00:00,BTC/USDT,SELL,283.9206009027274
40.07129183301457,1.6992041940420493,-0.0506325316789778,0.034458169417385914,0.005413840012145225,2.741831035534954,51.186436913361064,0.017287675456891645,0,0,0,1,0.2991528685225897,2023-01-06 21:00:00,2023-01-06 21:00:00,2023-01-07 01:00:00,ETH/USDT,SELL,29.915286852258973
49.88994023569542,0.7140309719300947,0.6658249328778154,0.01072440735283362,-0.008341566183598392,1.5914840676250257,40.22019058587718,0.06070371719901189,0,1,0,1,-2.2330799027212325,2023-01-06 22:00:00,2023-01-06 22:00:00,2023-01-07 02:00:00,ETH/USDT,SELL,-223.30799027212325
42.03513239267079,-1.3858191905213084,0.1161501323417341,0.04488495635776606,-0.02450507560040195,3.2430736123047526,69.73300195295657,0.050487084190448644,0,1,0,0,2.0150273796738443,2023-01-06 23:00:00,2023-01-06 23:00:00,2023-01-07 03:00:00,BTC/USDT,SELL,201.50273796738443
41.393619775098706,1.7991997508665014,0.3678250600773354,0.0472847312993445,0.025038814527734564,3.446977938354794,45.85325141970836,0.02919124665918641,1,1,0,1,0.13074034847999205,2023-01-07 00:00:00,2023-01-07 00:00:00,2023-01-07 04:00:00,SOL/USDT,BUY,13.074034847999204
31.47547789418131,0.6145990417532187,-0.27598416743788123,0.03260532734356836,-0.021790882144862314,3.437755710571383,34.92285635525779,0.015559355829229064,0,0,1,1,3.0812511983255373,2023-01-07 01:00:00,2023-01-07 01:00:00,2023-01-07 05:00:00,ETH/USDT,SELL,308.1251198325537
54.382573359195874,1.6257242376779202,-0.25002427554872797,0.03786603295507569,0.027014241229248143,2.9993036634858496,57.0286991962418,0.015996077471750136,0,0,0,1,-2.440207635423671,2023-01-07 02:00:00,2023-01-07 02:00:00,2023-01-07 06:00:00,BTC/USDT,SELL,-244.0207635423671
50.10716092915446,1.2592576838472245,-0.4468707988535775,0.04689997524709183,-0.003239653622522657,1.760172480261264,62.40663301312675,0.07259336122648828,0,0,0,1,3.2851946765986186,2023-01-07 03:00:00,2023-01-07 03:00:00,2023-01-07 07:00:00,SOL/USDT,SELL,328.51946765986185
32.05915004999957,-1.6579900218441446,-0.2803844180061861,0.03828954537253595,-0.018892024269682818,3.0165263918580454,30.02251447405699,0.023430712730312005,1,0,1,0,-2.4223438585615624,2023-01-07 04:00:00,2023-01-07 04:00:00,2023-01-07 08:00:00,ETH/USDT,BUY,-242.23438585615625
41.14585856946446,-1.1203620803939391,-0.13783255925845378,0.016101561716570456,0.0025140568427014856,1.549173832917603,30.05715297729906,0.032636009348086456,1,0,0,1,2.9615282381330488,2023-01-07 05:00:00,2023-01-07 05:00:00,2023-01-07 09:00:00,ETH/USDT,BUY,296.15282381330485
66.33063543866615,1.4945872102465236,-0.2698863704402291,0.03305153440667253,0.022376750152584494,1.5442471030579945,22.20028561601258,0.025865948155889162,0,1,0,0,0.028546135672868213,2023-01-07 06:00:00,2023-01-07 06:00:00,2023-01-07 10:00:00,SOL/USDT,SELL,2.854613567286821
39.5824756266789,1.2207405308669297,-0.38468670611582767,0.03426860185531424,0.013933493184573667,2.1472204382990823,64.18412090393844,0.034849741408235616,0,0,0,1,-0.4078788387932897,2023-01-07 07:00:00,2023-01-07 07:00:00,2023-01-07 11:00:00,SOL/USDT,BUY,-40.787883879328966
35.795794883648924,-0.041803187928296265,-0.3431733675692189,0.026965226852095445,0.01839366887168698,2.4772863808093315,59.828271657308306,0.014859668992226537,0,0,0,1,0.685927374146439,2023-01-07 08:00:00,2023-01-07 08:00:00,2023-01-07 12:00:00,BTC/USDT,BUY,68.5927374146439
49.57811041110252,0.234654766617564,0.0990123984425435,0.039457769424988916,0.009527002002643038,3.0408148356155866,48.477852544988835,0.04633418536357893,1,1,1,1,2.872636913913402,2023-01-07 09:00:00,2023-01-07 09:00:00,2023-01-07 13:00:00,BTC/USDT,BUY,287.26369139134016
69.42601816442402,2.55532979157685,-0.23176616607246975,0.047374680590760596,0.01153659387107115,2.8665907532130106,70.65022693815183,0.014732879451455044,0,0,0,1,1.7117889062304685,2023-01-07 10:00:00,2023-01-07 10:00:00,2023-01-07 14:00:00,ETH/USDT,SELL,171.17889062304684
39.68221086046002,-1.1831427776716599,-0.0264491806375019,0.047022740516271054,0.020951739093919154,2.391805412753497,68.34020917700319,0.06602495554756531,0,1,1,0,1.1688259609449685,2023-01-07 11:00:00,2023-01-07 11:00:00,2023-01-07 15:00:00,SOL/USDT,SELL,116.88259609449685
56.885421896235144,1.0941947623400758,0.15444245211131402,0.028033574856165283,-0.015019919468448844,2.047253332563332,55.12126186380513,0.026359845733730312,0,0,0,1,5.452881169030971,2023-01-07 12:00:00,2023-01-07 12:00:00,2023-01-07 16:00:00,SOL/USDT,BUY,545.2881169030971
60.4647846131487,-0.4043853048677881,0.39751327721817487,0.01452952183363021,-0.0006345021814115719,3.4942490003154223,72.09627683079552,0.04780083402231575,0,0,1,0,-3.1284832234221027,2023-01-07 13:00:00,2023-01-07 13:00:00,2023-01-07 17:00:00,SOL/USDT,SELL,-312.8483223422103
39.50550175969599,-0.4353624064544406,-0.4488942182065714,0.04939364795849339,-0.016727433490823868,2.3523626044719457,32.350472602206096,0.07160553612930208,0,0,0,0,3.234425149937248,2023-01-07 14:00:00,2023-01-07 14:00:00,2023-01-07 18:00:00,ETH/USDT,SELL,323.4425149937248
59.12865394447438,2.19755370397438,0.5392335185817554,0.04355592345783737,0.02926008047979882,2.402774048659351,26.71517716386367,0.055561415833303596,1,0,1,1,1.7087118750464259,2023-01-07 15:00:00,2023-01-07 15:00:00,2023-01-07 19:00:00,SOL/USDT,BUY,170.8711875046426
44.71132530877013,1.6508326979760597,0.3162705063381801,0.014986507248130675,0.026643560381196793,1.8272476423833384,36.18497669101937,0.047307045058593476,0,1,0,1,-0.2975680966462564,2023-01-07 16:00:00,2023-01-07 16:00:00,2023-01-07 20:00:00,SOL/USDT,BUY,-29.75680966462564
55.29223322374318,1.627019272001277,-0.39371325846646654,0.04683367530469489,-0.027634391317889646,3.0896190974998587,23.42521136535889,0.03270336271807629,0,0,1,1,-1.1606272514779796,2023-01-07 17:00:00,2023-01-07 17:00:00,2023-01-07 21:00:00,ETH/USDT,SELL,-116.06272514779796
55.34118843043579,2.610957614308658,0.6356522113388103,0.04479585448248513,0.01233451035094131,2.887364451562977,51.87017168006192,0.03331013391407386,0,0,0,1,1.121759218445933,2023-01-07 18:00:00,2023-01-07 18:00:00,2023-01-07 22:00:00,BTC/USDT,BUY,112.1759218445933
51.43098736299034,0.0420076832655181,0.6971341206913573,0.030753522285042884,0.025514899044939948,1.9415392255775208,76.19634153769769,0.056864086863873314,1,0,0,1,3.3433002238489187,2023-01-07 19:00:00,2023-01-07 19:00:00,2023-01-07 23:00:00,BTC/USDT,SELL,334.3300223848919
33.61159080217633,1.3639059425899278,-0.4205986521886771,0.03365101742979717,-0.01916547929235999,1.6647620912316854,22.36061244011058,0.07958975528548173,0,0,1,1,1.2449017592449316,2023-01-07 20:00:00,2023-01-07 20:00:00,2023-01-08 00:00:00,ETH/USDT,SELL,124.49017592449316
63.41209982356952,-0.6205335131869121,-0.14005905740863517,0.025960108154805213,0.004076713833157768,2.860998604149426,27.326594840601608,0.05632874328945651,1,1,0,0,3.022309860494695,2023-01-07 21:00:00,2023-01-07 21:00:00,2023-01-08 01:00:00,SOL/USDT,BUY,302.2309860494695
42.83120259886943,0.6483327049768842,0.5480616637309799,0.012190465552881254,0.024929297855282508,2.8090224285622707,47.13194169700611,0.04904483921590175,0,0,1,0,-2.9023513801031178,2023-01-07 22:00:00,2023-01-07 22:00:00,2023-01-08 02:00:00,ETH/USDT,SELL,-290.2351380103118
37.46074041599417,-0.26028610873536917,0.4727375974987559,0.023407889665836037,-0.02796324128485207,2.046519053996419,76.0325010516743,0.06114553571674723,0,1,0,0,-0.02417789569210912,2023-01-07 23:00:00,2023-01-07 23:00:00,2023-01-08 03:00:00,BTC/USDT,SELL,-2.417789569210912
31.631005662190557,0.19399192998543638,-0.2601226748367095,0.04211413794392046,0.011845216034810396,3.4017271245008205,38.96936629860503,0.04256439285986027,0,1,0,0,-2.504786888826238,2023-01-08 00:00:00,2023-01-08 00:00:00,2023-01-08 04:00:00,BTC/USDT,BUY,-250.4786888826238
53.63571772752967,1.1903140508738272,-0.2278458796622766,0.010185280920184114,-0.012159059557646953,1.8021157835618005,50.43408852130355,0.014209963982054966,0,0,0,1,2.2272637652499356,2023-01-08 01:00:00,2023-01-08 01:00:00,2023-01-08 05:00:00,ETH/USDT,BUY,222.72637652499355
57.1025744736913,-1.636441366466945,-0.018386266371203386,0.023339966867645768,0.025463771722591823,2.364669602085204,22.494371543023526,0.049360777111453695,0,1,0,0,1.7737747801946007,2023-01-08 02:00:00,2023-01-08 02:00:00,2023-01-08 06:00:00,ETH/USDT,BUY,177.37747801946006
30.663513157114245,4.1847745513709205,0.1298798807483278,0.025926747743637735,0.028263494709922066,3.3872318403351978,28.900592057725333,0.07703376991537661,1,0,0,0,-0.8415235873621065,2023-01-08 03:00:00,2023-01-08 03:00:00,2023-01-08 07:00:00,BTC/USDT,SELL,-84.15235873621066
50.48372233197124,-2.012034762999404,0.3037312029893847,0.03149582411751692,0.026655989346806033,2.3394546338522444,79.19780737753081,0.022271205965036178,0,0,0,1,-3.7084277132542685,2023-01-08 04:00:00,2023-01-08 04:00:00,2023-01-08 08:00:00,ETH/USDT,BUY,-370.84277132542684
39.059831007917516,-2.4283772255754643,-0.020412268559295843,0.046794224656510425,-0.001547147000552175,2.777051895328171,77.90712178616273,0.058300342357446605,0,0,0,0,0.39789629359298906,2023-01-08 05:00:00,2023-01-08 05:00:00,2023-01-08 09:00:00,BTC/USDT,BUY,39.78962935929891
55.806911616377995,2.3162217470001356,0.10129513097309228,0.023853839774638452,0.021722559059358805,2.2951887959255886,20.296398856064577,0.024065358206133956,0,1,0,1,2.3734771034670192,2023-01-08 06:00:00,2023-01-08 06:00:00,2023-01-08 10:00:00,ETH/USDT,BUY,237.34771034670192
36.974657160199655,1.5833253879258717,0.47171221957388354,0.02387812807584911,0.02067296391210422,2.0484304046973403,77.10870712539435,0.047507937913115694,1,1,0,0,0.8085895099233953,2023-01-08 07:00:00,2023-01-08 07:00:00,2023-01-08 11:00:00,ETH/USDT,BUY,80.85895099233953
57.63750952409864,1.2482396341043103,-0.4523118362422227,0.039500049924389935,-0.010853971605404661,3.4679552959196567,58.34719626893002,0.016767351475270375,1,0,0,1,3.971564383644308,2023-01-08 08:00:00,2023-01-08 08:00:00,2023-01-08 12:00:00,ETH/USDT,SELL,397.1564383644308
45.469413852021496,1.2566910185285598,-0.17183197235277303,0.028088717635592286,0.019734928449040637,2.318668012630086,72.07509767120132,0.041525965538072966,0,1,0,1,-0.6421073592980977,2023-01-08 09:00:00,2023-01-08 09:00:00,2023-01-08 13:00:00,BTC/USDT,SELL,-64.21073592980977
67.46919954946938,-0.024493545693829246,0.4273544616499182,0.018984192917599278,-0.027779541917070442,3.288198407358269,47.28439133803155,0.06293143302266722,1,0,0,0,1.3604322109008988,2023-01-08 10:00:00,2023-01-08 10:00:00,2023-01-08 14:00:00,ETH/USDT,BUY,136.04322109008987
35.500837765839734,-1.794508742971663,0.6637688889933591,0.028097580645307735,0.0057761927089231835,1.9599092117821724,50.93576171475502,0.03433000669672875,0,0,0,0,2.38501502495595,2023-01-08 11:00:00,2023-01-08 11:00:00,2023-01-08 15:00:00,BTC/USDT,SELL,238.501502495595
43.64265404201034,0.15160911638745267,0.16518067475036602,0.015634280815191994,-0.01619946976273782,1.9262094080501666,49.33079481541521,0.05654382071410527,0,0,1,1,-2.0571751680130337,2023-01-08 12:00:00,2023-01-08 12:00:00,2023-01-08 16:00:00,BTC/USDT,BUY,-205.71751680130336
34.538940849623565,-1.3543234230242234,0.19174753084491036,0.017055479460248935,-0.02276598685336327,1.5622681657690227,60.01185545276626,0.06568149725528105,1,1,1,0,0.6393036518379545,2023-01-08 13:00:00,2023-01-08 13:00:00,2023-01-08 17:00:00,ETH/USDT,BUY,63.930365183795445
66.98774473114251,1.9502394668355023,-0.36067638525829115,0.029934710909579193,-0.02538280790224745,2.80333365075177,28.379075285378775,0.07490244736356169,1,1,0,0,-1.008359662015343,2023-01-08 14:00:00,2023-01-08 14:00:00,2023-01-08 18:00:00,ETH/USDT,SELL,-100.8359662015343
65.09357413523924,-0.2941147630042773,0.08163607687049101,0.026757017980181916,0.011777326552688386,2.2370526874475223,21.798415392360678,0.02642494572988175,0,0,0,0,-0.16304534620329178,2023-01-08 15:00:00,2023-01-08 15:00:00,2023-01-08 19:00:00,BTC/USDT,SELL,-16.30453462032918
40.31766510860622,-1.650994393585023,0.19240244639153015,0.046593836042724004,-0.009607502173916031,3.2287164996792743,38.47579649547146,0.03795211410665157,0,0,1,0,0.6953529670766727,2023-01-08 16:00:00,2023-01-08 16:00:00,2023-01-08 20:00:00,BTC/USDT,BUY,69.53529670766727
56.39936184136716,-0.6427716833059869,-0.18478834527485144,0.024495755964665324,0.013486006291725687,2.4464198133831143,62.2808457641988,0.020669120933129222,0,0,0,0,-0.9744571282271046,2023-01-08 17:00:00,2023-01-08 17:00:00,2023-01-08 21:00:00,SOL/USDT,BUY,-97.44571282271046
62.688888008048636,0.8258629085512487,-0.14998379976580473,0.03322353401112174,-0.026078619552063455,3.4363868558294435,32.1112071273769,0.07947384515108627,1,0,0,0,-1.3514161583232236,2023-01-08 18:00:00,2023-01-08 18:00:00,2023-01-08 22:00:00,BTC/USDT,SELL,-135.14161583232237
52.2080324639785,-1.1274491056079494,-0.009530587963990533,0.035290571516781215,-0.01108257973016338,1.8710510314062423,60.40594599949504,0.07489006775470067,0,0,0,0,0.0683048349760492,2023-01-08 19:00:00,2023-01-08 19:00:00,2023-01-08 23:00:00,SOL/USDT,BUY,6.830483497604919
51.18602313424026,-1.644440791132863,-0.4739074428889557,0.010523778263533345,0.002369477542520232,3.2372463359112214,78.19472276643623,0.04779699911963917,0,1,0,1,-0.6744918777256053,2023-01-08 20:00:00,2023-01-08 20:00:00,2023-01-09 00:00:00,SOL/USDT,SELL,-67.44918777256052
39.67409163601807,0.4873744229838246,-0.0812970847418682,0.03654149488066843,0.017443389890337814,3.0531937055834835,25.634042947365103,0.0689423306063495,0,0,0,1,-0.6716502577703709,2023-01-08 21:00:00,2023-01-08 21:00:00,2023-01-09 01:00:00,SOL/USDT,BUY,-67.16502577703709
33.72411071223597,0.48993314221744555,-0.22511759090449196,0.017121438674790056,-0.010874849824075803,3.041843689288104,60.356127093507574,0.04646705840904296,0,0,0,0,1.3587465659130067,2023-01-08 22:00:00,2023-01-08 22:00:00,2023-01-09 02:00:00,ETH/USDT,BUY,135.87465659130066
65.88863031813307,-1.0138863507422595,-0.07425344216871094,0.04844281269877821,0.007553482586220545,3.1895664562337753,46.62501315827427,0.05365099816019318,0,0,1,0,-2.297588070317312,2023-01-08 23:00:00,2023-01-08 23:00:00,2023-01-09 03:00:00,ETH/USDT,SELL,-229.7588070317312
66.01672228653322,-0.9420766112366455,-0.3443092286349734,0.015946509110124518,0.023158664894171226,3.022047981885998,72.08853526265032,0.016238710248121166,1,1,1,1,2.832625001818424,2023-01-09 00:00:00,2023-01-09 00:00:00,2023-01-09 04:00:00,BTC/USDT,SELL,283.26250018184237
55.32405829093072,0.4640998747152726,0.6576854649618635,0.02658496494908095,0.006951791290938272,2.7524406432628306,30.628987366843155,0.06286892943477655,0,1,0,1,2.425182585707902,2023-01-09 01:00:00,2023-01-09 01:00:00,2023-01-09 05:00:00,SOL/USDT,SELL,242.5182585707902
43.56119164194803,-2.8961686829946482,0.27167018962026324,0.013413986723145754,-0.016022431514781974,1.7624897553647751,61.55755713356987,0.01893994385446644,0,0,0,0,-3.4516134575811934,2023-01-09 02:00:00,2023-01-09 02:00:00,2023-01-09 06:00:00,ETH/USDT,SELL,-345.16134575811935
43.968382984506434,-2.8149275487531105,0.3828330148878365,0.0498749700738379,-0.02853595310660772,1.5650523589825038,70.28691737888661,0.06782473411767699,0,1,1,0,-1.3551293046713102,2023-01-09 03:00:00,2023-01-09 03:00:00,2023-01-09 07:00:00,ETH/USDT,SELL,-135.512930467131
59.038227154809576,-1.436888442504872,0.5259226101895398,0.030087800413249703,0.02220593243405579,3.3416956956313735,76.6768531684414,0.06474196613692702,1,0,0,0,2.388218806094745,2023-01-09 04:00:00,2023-01-09 04:00:00,2023-01-09 08:00:00,ETH/USDT,SELL,238.82188060947448
65.88441039810309,-0.4268943034236945,0.14797485860777448,0.03381540069280175,-0.02872383534897677,2.733300629041476,60.99488169737875,0.05961212884200836,0,0,0,0,-1.9623310622793633,2023-01-09 05:00:00,2023-01-09 05:00:00,2023-01-09 09:00:00,ETH/USDT,SELL,-196.23310622793633
65.48345697060469,0.6218151311960092,-0.3870036254863492,0.012683059095537099,0.022482100361051964,3.0930745819523526,49.83048584050564,0.01253122663673335,0,0,0,1,0.5711914753812247,2023-01-09 06:00:00,2023-01-09 06:00:00,2023-01-09 10:00:00,ETH/USDT,BUY,57.11914753812247
61.19502183430495,2.950712433899104,0.19823850436411217,0.039998418815967114,0.0017362280416327175,2.4630447030251004,57.07083441207283,0.031218984916173004,1,0,1,1,2.424121786503793,2023-01-09 07:00:00,2023-01-09 07:00:00,2023-01-09 11:00:00,SOL/USDT,BUY,242.4121786503793
